1.7

1)LIST THE PRODUCT NAME AND QUANTITY OF INVOICE ITEMS
-------------------------------------------------------
mysql> select * from product;
+-----+--------+-------+
| pid | pname  | price |
+-----+--------+-------+
| 301 | pen    |    10 |
| 401 | pencil |    51 |
| 501 | soap   |    71 |
| 601 | book   |   102 |
| 701 | bucket |   224 |
+-----+--------+-------+
5 rows in set (0.00 sec)

mysql> select pname,quantity from product inner join invoice_item on product.pid=invoice_item.pid;
+--------+----------+
| pname  | quantity |
+--------+----------+
| book   |       15 |
| bucket |       20 |
| bucket |       25 |
+--------+----------+
3 rows in set (0.00 sec)


2)DISPLAY INVOICE DETAILS OF THE TRANSACTION DATED 31-01-2022
-----------------------------------------------------------------
mysql> select * from invoice_item;
+--------+------+----------+
| inv_id | pid  | quantity |
+--------+------+----------+
|    103 |  601 |       15 |
|    103 |  701 |       20 |
|    104 |  701 |       25 |
+--------+------+----------+

mysql> select * from product;
+-----+--------+-------+
| pid | pname  | price |
+-----+--------+-------+
| 301 | pen    |    10 |
| 401 | pencil |    51 |
| 501 | soap   |    71 |
| 601 | book   |   102 |
| 701 | bucket |   224 |
+-----+--------+-------+

mysql> select * from invoice_master;
+--------+---------+------------+
| inv_id | cust_id | inv_date   |
+--------+---------+------------+
|    101 |   10001 | 2021-11-26 |
|    102 |   10002 | 2021-11-26 |
|    103 |   10003 | 2022-02-11 |
|    104 |   10004 | 2023-01-25 |
|    105 |   10004 | 2021-08-10 |
|    106 |   10005 | 2021-02-06 |
+--------+---------+------------+

mysql> select * from customer;
+-------+--------+--------------+--------+-------------+
| id    | name   | address      | city   | ph_no       |
+-------+--------+--------------+--------+-------------+
| 10002 | zusa   | pink house   | ekm    |  9876543234 |
| 10003 | suku   | yellow house | ekm    | 98765432123 |
| 10004 | adam   | blue villa   | idukki |  9895521927 |
| 10005 | blessy | grey house   | wyd    |  8976543214 |
| 10006 | Bob    | white house  | ekm    |  9876543234 |
| 10007 | Banu   | blue house   | tvm    |  9876543234 |
+-------+--------+--------------+--------+-------------+

mysql> select * from customer inner join  invoice_master on customer.id=invoice_master.cust_id inner
join invoice_item on invoice_master.inv_id=invoice_item.inv_id inner join product on invoice_item.pid=product.pid where inv_date=20220211;
+-------+------+--------------+------+-------------+--------+---------+------------+--------+------+----------+-----+--------+-------+
| id    | name | address      | city | ph_no       | inv_id | cust_id | inv_date   | inv_id | pid  | quantity | pid | pname  | price |
+-------+------+--------------+------+-------------+--------+---------+------------+--------+------+----------+-----+--------+-------+
| 10003 | suku | yellow house | ekm  | 98765432123 |    103 |   10003 | 2022-02-11 |    103 |  601 |       15 | 601 | book   |   102 |
| 10003 | suku | yellow house | ekm  | 98765432123 |    103 |   10003 | 2022-02-11 |    103 |  701 |       20 | 701 | bucket |   224 |
+-------+------+--------------+------+-------------+--------+---------+------------+--------+------+----------+-----+--------+-------+


//output?
