2.PL/SQL 


1)

mysql> create procedure shows1()
 ->begin 
 ->select * from invoice_master; 
 ->select * from invoice_item; 
 ->select * from customer; select * from product;
 ->end
 ->//
Query OK, 0 rows affected (0.00 sec)

mysql> call shows1();
    -> //
+--------+---------+------------+
| inv_id | cust_id | inv_date   |
+--------+---------+------------+
|    101 |   10001 | 2021-11-26 |
|    102 |   10002 | 2021-11-26 |
|    103 |   10003 | 2022-02-11 |
|    104 |   10004 | 2023-01-25 |
|    105 |   10004 | 2021-08-10 |
|    106 |   10005 | 2021-02-06 |
+--------+---------+------------+
6 rows in set (0.00 sec)

+--------+------+----------+
| inv_id | pid  | quantity |
+--------+------+----------+
|    103 |  601 |       15 |
|    103 |  701 |       20 |
|    104 |  701 |       25 |
+--------+------+----------+
3 rows in set (0.00 sec)

+-------+--------+--------------+--------+-------------+
| id    | name   | address      | city   | ph_no       |
+-------+--------+--------------+--------+-------------+
| 10002 | zusa   | pink house   | ekm    |  9876543234 |
| 10003 | suku   | yellow house | ekm    | 98765432123 |
| 10004 | adam   | blue villa   | idukki |  9895521927 |
| 10005 | blessy | grey house   | wyd    |  8976543214 |
| 10006 | Bob    | white house  | ekm    |  9876543234 |
| 10007 | Banu   | blue house   | tvm    |  9876543234 |
+-------+--------+--------------+--------+-------------+
6 rows in set (0.00 sec)

+-----+--------+-------+
| pid | pname  | price |
+-----+--------+-------+
| 301 | pen    |    10 |
| 401 | pencil |    51 |
| 501 | soap   |    71 |
| 601 | book   |   102 |
| 701 | bucket |   224 |
+-----+--------+-------+
5 rows in set (0.00 sec)


